Passenger_id,Passenger_name,Seats,Bags,Age,Ticket_no,Issue_date,Arrival_time,Setoff_time,Amount,Train_no,Train_name,Station_no,Station_name,Station_location,,Destination
201,Samuel Patterson,2,1,17,311,1/8/2022,11:30,9:00,20000,110,Bulletin,1,New York Penn Station,New York,,San Francisco
202,Paula Reyes,1,5,34,312,20/8/2022,10:00,8:00,10000,120,Vessel Cavallier,2,30th Street Station,Philadelphia,,Montana
203,Elijah Fisher,5,3,54,313,26/8/2022,9:30,7:00,50000,130,El Royale,1,New York Penn Station,New York,,Virgina
204,Saige Edwards,4,4,28,314,11/8/2022,8:10,6:00,40000,140,Torpedo Ben,2,30th Street Station,Philadelphia,,Boston
205,Hope Novak,3,1,15,315,6/8/2022,7:30,5:00,30000,110,Bulletin,1,New York Penn Station,New York,,Indiana
206,Martin Barry,1,2,24,316,9/8/2022,16:00,14:00,10000,120,Vessel Cavallier,2,30th Street Station,Philadelphia,,Arkansas
207,Zoe Clark,1,5,32,317,27/8/2022,17:10,15:00,10000,130,El Royale,1,New York Penn Station,New York,,Madison
208,Harley Howell,5,5,26,318,17/8/2022,18:40,16:00,50000,140,Torpedo Ben,2,30th Street Station,Philadelphia,,Nevada
209,Vincent Baxter,1,2,45,319,7/8/2022,19:30,17:00,10000,110,Bulletin,1,New York Penn Station,New York,,Savannah
210,Frida Morely,2,3,30,320,18/8/2022,20:10,18:00,20000,120,Vessel Cavallier,2,30th Street Station,Philadelphia,,Orlando
211,Mopetite Adams,4,1,60,321,26/8/2022,18:00,15:00,40000,130,El Royale,1,New York Penn Station,New York,,Boston
212,Leticia Brian,1,3,73,322,31/8/2022,16:00,14:00,10000,140,Torpedo Ben,2,30th Street Station,Philadelphia,,Alberquerque
213,Namanda Festus,3,2,84,323,4/8/2022,20:00,17:00,30000,110,Bulletin,1,New York Penn Station,New York,,Michigan
214,Doreen Mbaziira,5,4,24,324,23/8/2022,13:40,11:00,50000,120,Vessel Cavallier,2,30th Street Station,Philadelphia,,Colorado
215,Gotland Jim James,1,1,22,325,28/8/2022,16:00,13:00,10000,130,El Royale,1,New York Penn Station,New York,,Louisville
216,Fedisha Michelle,5,2,32,326,23/8/2022,11:00,9:00,50000,140,Torpedo Ben,2,30th Street Station,Philadelphia,,George Town
217,Amos Sebaduka,2,3,83,327,26/8/2022,19:50,16:00,20000,110,Bulletin,1,New York Penn Station,New York,,Oklahoma
218,Wambiza Destine,3,2,55,328,29/8/2022,14:40,12:00,30000,120,Vessel Cavallier,2,30th Street Station,Philadelphia,,Nevada
219,Kavimu Moses,4,1,87,329,2/8/2022,13:00,10:00,40000,130,El Royale,1,New York Penn Station,New York,,Boston
220,Antijama Tracey,2,3,54,330,11/8/2022,20:00,18:00,20000,140,Torpedo Ben,2,30th Street Station,Philadelphia,,Boston
221,Mavis Darvis,1,5,32,331,16/8/2022,11:30,9:00,10000,110,Bulletin,1,New York Penn Station,New York,,San Francisco
222,Davin Casper,5,2,57,332,24/8/2022,10:00,8:00,50000,120,Vessel Cavallier,2,30th Street Station,Philadelphia,,Montana
223,Denis Ben,2,3,45,333,13/8/2022,9:30,7:00,20000,130,El Royale,1,New York Penn Station,New York,,Virgina
224,Wolf Webster,1,4,65,334,2/8/2022,8:10,6:00,10000,140,Torpedo Ben,2,30th Street Station,Philadelphia,,Boston
225,Travis Scott,2,1,26,335,29/8/2022,7:30,5:00,20000,110,Bulletin,1,New York Penn Station,New York,,Indiana
226,Kendall Jenner,4,3,48,336,4/8/2022,16:00,14:00,40000,120,Vessel Cavallier,2,30th Street Station,Philadelphia,,Arkansas
227,Kim Kardashian,5,1,60,337,28/8/2022,17:10,15:00,50000,130,El Royale,1,New York Penn Station,New York,,Madison
228,Kourtney Kimmel,4,2,59,338,12/8/2022,18:40,16:00,40000,140,Torpedo Ben,2,30th Street Station,Philadelphia,,Nevada
229,Jimmy Fallon,1,3,42,339,18/8/2022,19:30,17:00,10000,110,Bulletin,1,New York Penn Station,New York,,Savannah
230,Steve Carell,3,2,61,340,21/8/2022,20:10,18:00,30000,120,Vessel Cavallier,2,30th Street Station,Philadelphia,,Orlando
231,Dania Demi,2,4,33,341,2/8/2022,18:00,15:00,20000,130,El Royale,1,New York Penn Station,New York,,Boston
232,Thomas Ivan,1,5,25,342,27/8/2022,16:00,14:00,10000,140,Torpedo Ben,2,30th Street Station,Philadelphia,,Alberquerque
233,Ron Stoppable,3,3,30,343,7/8/2022,20:00,17:00,30000,110,Bulletin,1,New York Penn Station,New York,,Michigan
234,Kim Possible,2,2,71,344,3/8/2022,13:40,11:00,20000,120,Vessel Cavallier,2,30th Street Station,Philadelphia,,Colorado
235,Bonnie Baxter,4,4,69,345,29/8/2022,16:00,13:00,40000,130,El Royale,1,New York Penn Station,New York,,Louisville
236,Raven Symone,5,3,75,346,10/8/2022,11:00,9:00,50000,140,Torpedo Ben,2,30th Street Station,Philadelphia,,George Town
237,Wanda Turner,4,4,66,347,15/8/2022,19:50,16:00,40000,110,Bulletin,1,New York Penn Station,New York,,Oklahoma
238,Vicky Von Dom,2,1,36,348,22/8/2022,14:40,12:00,20000,120,Vessel Cavallier,2,30th Street Station,Philadelphia,,Nevada
239,Vin Diesel,3,5,23,349,25/8/2022,13:00,10:00,30000,130,El Royale,1,New York Penn Station,New York,,Boston
240,Shelby Thomas ,1,4,18,350,10/8/2022,20:00,18:00,10000,140,Torpedo Ben,2,30th Street Station,Philadelphia,,Boston
241,Mikaela B Linnette ,5,3,20,351,19/8/2022,11:30,9:00,50000,110,Bulletin,1,New York Penn Station,New York,,San Francisco
242,Charlie Brown,4,1,47,352,3/8/2022,10:00,8:00,40000,120,Vessel Cavallier,2,30th Street Station,Philadelphia,,Montana
243,Paddington Brown,3,3,18,353,24/8/2022,9:30,7:00,30000,130,El Royale,1,New York Penn Station,New York,,Virgina
244,David Schwimmer,2,4,22,354,18/8/2022,8:10,6:00,20000,140,Torpedo Ben,2,30th Street Station,Philadelphia,,Boston
245,Jennifer Aniston,1,3,67,355,19/8/2022,7:30,5:00,10000,110,Bulletin,1,New York Penn Station,New York,,Indiana
246,Matt Le Blanc ,4,1,66,356,29/8/2022,16:00,14:00,40000,120,Vessel Cavallier,2,30th Street Station,Philadelphia,,Arkansas
247,Kourtney Kox,2,5,57,357,18/8/2022,17:10,15:00,20000,130,El Royale,1,New York Penn Station,New York,,Madison
248,Matthew Perry,4,1,75,358,19/8/2022,18:40,16:00,40000,140,Torpedo Ben,2,30th Street Station,Philadelphia,,Nevada
249,Lisa Kudrow,5,1,58,359,24/8/2022,19:30,17:00,50000,110,Bulletin,1,New York Penn Station,New York,,Savannah
250,Dave Chappelle,3,3,73,360,15/8/2022,20:10,18:00,30000,120,Vessel Cavallier,2,30th Street Station,Philadelphia,,Orlando
251,Miley Cyrus ,5,3,67,361,26/8/2022,18:00,15:00,50000,130,El Royale,1,New York Penn Station,New York,,Boston
252,Hannah Tucker,4,5,72,362,28/8/2022,16:00,14:00,40000,140,Torpedo Ben,2,30th Street Station,Philadelphia,,Alberquerque
253,Matt Steffanina,1,5,31,363,16/8/2022,20:00,17:00,10000,110,Bulletin,1,New York Penn Station,New York,,Michigan
254,James Charles ,2,4,25,364,20/8/2022,13:40,11:00,20000,120,Vessel Cavallier,2,30th Street Station,Philadelphia,,Colorado
255,Zuri Ross ,3,4,20,365,26/8/2022,16:00,13:00,30000,130,El Royale,1,New York Penn Station,New York,,Louisville
256,Jessie Prescott ,5,3,55,366,29/8/2022,11:00,9:00,50000,140,Torpedo Ben,2,30th Street Station,Philadelphia,,George Town
257,Bartrum Winkle ,4,4,58,370,23/8/2022,19:50,16:00,40000,110,Bulletin,1,New York Penn Station,New York,,Oklahoma
258,Ravi Kipling,2,2,35,371,24/8/2022,14:40,12:00,20000,120,Vessel Cavallier,2,30th Street Station,Philadelphia,,Nevada
259,Emma Lavato,3,1,28,372,16/8/2022,13:00,10:00,30000,130,El Royale,1,New York Penn Station,New York,,Boston
260,Selena Mikaelson,4,5,50,373,18/8/2022,20:00,18:00,40000,140,Torpedo Ben,2,30th Street Station,Philadelphia,,Boston
